ID,Name,Spec,ImageURL,ProductURL
5173062,"Seagate BarraCuda 5400/256M (4TB, ST4000DM004)","HDD (PC용)/8.9cm(3.5인치)/4TB/SATA3 (6Gb/s)/5,400RPM/메모리 256MB/190MB/s/기록방식:SMR(PMR)/두께:20.2mm/소음(유휴/탐색):22/24dB/A/S 정보:2년/다층캐싱(MTC) / 무게: 최대 490g",https://img.danawa.com/prod_img/500000/062/173/img/5173062_1.jpg,https://prod.danawa.com/info/?pcode=5173062
6545078,"Seagate BarraCuda 7200/256M (2TB, ST2000DM008)","HDD (PC용)/8.9cm(3.5인치)/2TB/SATA3 (6Gb/s)/7,200RPM/메모리 256MB/220MB/s/기록방식:SMR(PMR)/두께:20.2mm/A/S 정보:2년/다층캐싱(MTC) / 무게 : 최대 490g",https://img.danawa.com/prod_img/500000/078/545/img/6545078_1.jpg,https://prod.danawa.com/info/?pcode=6545078
5764992,"Seagate BarraCuda 5400/256M (8TB, ST8000DM004)","HDD (PC용)/8.9cm(3.5인치)/8TB/SATA3(6Gb/s)/5,400RPM/메모리 256MB/190MB/s/기록방식:SMR(PMR)/두께:26.11mm/소음(유휴/탐색):23/25dB/A/S 정보:2년/다층캐싱(MTC) / 무게: 630g",https://img.danawa.com/prod_img/500000/992/764/img/5764992_1.jpg,https://prod.danawa.com/info/?pcode=5764992
1706996,"Western Digital WD Blue 7200/64M (1TB, WD10EZEX)","HDD (PC용)/8.9cm(3.5인치)/1TB/SATA3(6Gb/s)/7,200RPM/메모리 64MB/150MB/s/기록방식:CMR(PMR)/두께:25.4mm/소음(유휴/탐색):29/30dB/A/S 정보:2년",https://img.danawa.com/prod_img/500000/996/706/img/1706996_1.jpg,https://prod.danawa.com/info/?pcode=1706996
19965044,"Western Digital WD Blue 5400/256M (4TB, WD40EZAX)","HDD (PC용)/8.9cm(3.5인치)/4TB/SATA3(6Gb/s)/5,400RPM/메모리 256MB/180MB/s/기록방식:CMR(PMR)/두께:26.1mm/소음(유휴/탐색):23/25dB/A/S 정보:2년/NoTouch 램프로드 기술",https://img.danawa.com/prod_img/500000/044/965/img/19965044_1.jpg,https://prod.danawa.com/info/?pcode=19965044
33443276,"Seagate BarraCuda 7200/256M (1TB, ST1000DM014)","HDD (PC용)/8.9cm(3.5인치)/1TB/SATA3 (6Gb/s)/7,200RPM/메모리 256MB/220MB/s/기록방식:SMR(PMR)/두께:20.2mm/A/S 정보:2년/다층캐싱(MTC) / 무게 : 최대 490g",https://img.danawa.com/prod_img/500000/276/443/img/33443276_1.jpg,https://prod.danawa.com/info/?pcode=33443276
42286460,"Western Digital WD Blue 5640/256M (8TB, WD80EAAZ)","HDD (PC용)/8.9cm(3.5인치)/8TB/SATA3(6Gb/s)/5,640RPM/메모리 256MB/215MB/s/기록방식:CMR(PMR)/두께:26.1mm/소음(유휴/탐색):24/28dB/A/S 정보:2년",https://img.danawa.com/prod_img/500000/460/286/img/42286460_1.jpg,https://prod.danawa.com/info/?pcode=42286460
13522751,"Western Digital WD Blue 7200/256M (2TB, WD20EZBX)","HDD (PC용)/8.9cm(3.5인치)/2TB/SATA3(6Gb/s)/7,200RPM/메모리 256MB/215MB/s/기록방식:SMR(PMR)/두께:26.1mm/소음(유휴/탐색):25/27dB/A/S 정보:2년/NoTouch 램프로드 기술",https://img.danawa.com/prod_img/500000/751/522/img/13522751_1.jpg,https://prod.danawa.com/info/?pcode=13522751
17253821,"도시바 P300 7200/256M (2TB, HDWD320)","HDD (PC용)/8.9cm(3.5인치)/2TB/SATA3 (6Gb/s)/7,200RPM/메모리 256MB/210MB/s/기록방식:SMR(PMR)/두께:26.1mm/DSA/저전력/소음(유휴/탐색):25dB/A/S 정보:2년",https://img.danawa.com/prod_img/500000/821/253/img/17253821_1.jpg,https://prod.danawa.com/info/?pcode=17253821
77788166,"Seagate BarraCuda 7200/512M (24TB, ST24000DM001)","HDD (PC용)/8.9cm(3.5인치)/24TB/SATA3 (6Gb/s)/7,200RPM/메모리 512MB/190MB/s/기록방식:CMR(PMR)/두께:26.1mm/A/S 정보:2년",https://img.danawa.com/prod_img/500000/166/788/img/77788166_1.jpg,https://prod.danawa.com/info/?pcode=77788166
77788049,"Seagate BarraCuda 7200/512M (16TB, ST16000DM001)","HDD (PC용)/8.9cm(3.5인치)/16TB/SATA3 (6Gb/s)/7,200RPM/메모리 512MB/190MB/s/기록방식:CMR(PMR)/두께:26.1mm/A/S 정보:2년",https://img.danawa.com/prod_img/500000/049/788/img/77788049_1.jpg,https://prod.danawa.com/info/?pcode=77788049
42286526,"Western Digital WD Blue 5640/256M/해외구매 (8TB, WD80EAAZ)","HDD (PC용)/8.9cm(3.5인치)/8TB/SATA3(6Gb/s)/5,640RPM/메모리 256MB/215MB/s/기록방식:CMR(PMR)/두께:26.1mm/소음(유휴/탐색):24/28dB/해외상품은 브랜드명 등 판매처별 상품 정보 확인 요망",https://img.danawa.com/prod_img/500000/526/286/img/42286526_1.jpg,https://prod.danawa.com/info/?pcode=42286526
67371260,"Seagate BarraCuda Pro 7200/256M/해외구매 (14TB, ST14000DM001)","HDD (PC용)/8.9cm(3.5인치)/14TB/SATA3 (6Gb/s)/7,200RPM/메모리 256MB/250MB/s/기록방식:CMR(PMR)/두께:26.11mm/헬륨충전/저전력/해외상품은 브랜드명 등 판매처별 상품 정보 확인 요망",https://img.danawa.com/prod_img/500000/260/371/img/67371260_1.jpg,https://prod.danawa.com/info/?pcode=67371260
20033990,"Western Digital WD Blue 5400/256M (6TB, WD60EZAX)","HDD (PC용)/8.9cm(3.5인치)/6TB/SATA3(6Gb/s)/5,400RPM/메모리 256MB/180MB/s/기록방식:CMR(PMR)/두께:26.1mm/소음(유휴/탐색):23/27dB/A/S 정보:2년/NoTouch 램프로드 기술",https://img.danawa.com/prod_img/500000/990/033/img/20033990_1.jpg,https://prod.danawa.com/info/?pcode=20033990
6288798,"도시바 P300 7200/64M (1TB, HDWD110)","HDD (PC용)/8.9cm(3.5인치)/1TB/SATA3 (6Gb/s)/7,200RPM/메모리 64MB/기록방식:CMR(PMR)/두께:26.1mm/소음(유휴/탐색):25/26dB/A/S 정보:2년/충격 감지센서 / 램프로딩 기술",https://img.danawa.com/prod_img/500000/798/288/img/6288798_1.jpg,https://prod.danawa.com/info/?pcode=6288798
5764951,"Seagate BarraCuda 5400/256M (6TB, ST6000DM003)","HDD (PC용)/8.9cm(3.5인치)/6TB/SATA3(6Gb/s)/5,400RPM/메모리 256MB/185MB/s/기록방식:SMR(PMR)/두께:26.11mm/소음(유휴/탐색):23/25dB/A/S 정보:2년/다층캐싱(MTC) / 무게: 610g",https://img.danawa.com/prod_img/500000/951/764/img/5764951_1.jpg,https://prod.danawa.com/info/?pcode=5764951
5657614,"Seagate BarraCuda 5400/256M (3TB, ST3000DM007)","HDD (PC용)/8.9cm(3.5인치)/3TB/SATA3(6Gb/s)/5,400RPM/메모리 256MB/185MB/s/기록방식:SMR(PMR)/두께:20.2mm/소음(유휴/탐색):22/24dB/A/S 정보:2년/다층캐싱(MTC) / 무게: 490g",https://img.danawa.com/prod_img/500000/614/657/img/5657614_1.jpg,https://prod.danawa.com/info/?pcode=5657614
77788115,"Seagate BarraCuda 7200/512M (20TB, ST20000DM001)","HDD (PC용)/8.9cm(3.5인치)/20TB/SATA3 (6Gb/s)/7,200RPM/메모리 512MB/190MB/s/기록방식:CMR(PMR)/두께:26.1mm/A/S 정보:2년",https://img.danawa.com/prod_img/500000/115/788/img/77788115_1.jpg,https://prod.danawa.com/info/?pcode=77788115
9721383,"Seagate BarraCuda 5400/256M/해외구매 (8TB, ST8000DM004)","HDD (PC용)/8.9cm(3.5인치)/8TB/SATA3(6Gb/s)/5,400RPM/메모리 256MB/190MB/s/기록방식:SMR(PMR)/두께:26.11mm/소음(유휴/탐색):23/25dB/해외상품은 브랜드명 등 판매처별 상품 정보 확인 요망",https://img.danawa.com/prod_img/500000/383/721/img/9721383_1.jpg,https://prod.danawa.com/info/?pcode=9721383
15765761,"Western Digital WD Blue 5640/128M (8TB, WD80EAZZ)","HDD (PC용)/8.9cm(3.5인치)/8TB/SATA3(6Gb/s)/5,640RPM/메모리 128MB/185MB/s/기록방식:CMR(PMR)/두께:26.1mm/소음(유휴/탐색):25/30dB/A/S 정보:2년",https://img.danawa.com/prod_img/500000/761/765/img/15765761_1.jpg,https://prod.danawa.com/info/?pcode=15765761
3572596,"Western Digital WD Blue 7200/32M (500GB, WD5000AZLX)","HDD (PC용)/8.9cm(3.5인치)/500GB/SATA3(6Gb/s)/7,200RPM/메모리 32MB/150MB/s/기록방식:CMR(PMR)/두께:26.1mm/소음(유휴/탐색):29/30dB/A/S 정보:2년",https://img.danawa.com/prod_img/500000/596/572/img/3572596_1.jpg,https://prod.danawa.com/info/?pcode=3572596
6288809,"도시바 P300 7200/64M (2TB, HDWD120)","HDD (PC용)/8.9cm(3.5인치)/2TB/SATA3 (6Gb/s)/7,200RPM/메모리 64MB/기록방식:CMR(PMR)/두께:26.1mm/DSA/소음(유휴/탐색):27/28dB/A/S 정보:2년/충격 감지센서 / 램프로딩 기술",https://img.danawa.com/prod_img/500000/809/288/img/6288809_1.jpg,https://prod.danawa.com/info/?pcode=6288809
70770152,"도시바 X300 Refresh 7200/512M (6TB, HDWR760)","HDD (PC용)/8.9cm(3.5인치)/6TB/SATA3 (6Gb/s)/7,200RPM/메모리 512MB/268MB/s/기록방식:CMR(PMR)/두께:26.1mm/RV센서/DSA/사용보증:60만시간/소음(유휴/탐색):34/35dB/A/S 정보:2년",https://img.danawa.com/prod_img/500000/152/770/img/70770152_1.jpg,https://prod.danawa.com/info/?pcode=70770152
15687542,"도시바 X300 Refresh 7200/256M (8TB, HDWR480)","HDD (PC용)/8.9cm(3.5인치)/8TB/SATA3 (6Gb/s)/7,200RPM/메모리 256MB/기록방식:CMR(PMR)/두께:26.1mm/DSA/사용보증:60만시간/소음(유휴/탐색):31dB/A/S 정보:2년",https://img.danawa.com/prod_img/500000/542/687/img/15687542_1.jpg,https://prod.danawa.com/info/?pcode=15687542
1795206,"도시바 DT01 7200/64M (3TB, DT01ACA300)","HDD (PC용)/8.9cm(3.5인치)/3TB/SATA3(6Gb/s)/7,200RPM/메모리 64MB/기록방식:CMR(PMR)/두께:26.1mm/소음(유휴/탐색):27/28dB/A/S 정보:2년/680g",https://img.danawa.com/prod_img/500000/206/795/img/1795206_1.jpg,https://prod.danawa.com/info/?pcode=1795206
12008960,"도시바 P300 5400/128M (4TB, HDWD240)","HDD (PC용)/8.9cm(3.5인치)/4TB/SATA3 (6Gb/s)/5,400RPM/메모리 128MB/185MB/s/기록방식:SMR(PMR)/두께:26.1mm/DSA/저전력/소음(유휴/탐색):22/24dB/A/S 정보:2년/충격 감지센서 / 램프로딩 기술",https://img.danawa.com/prod_img/500000/960/008/img/12008960_1.jpg,https://prod.danawa.com/info/?pcode=12008960
12008966,"도시바 P300 5400/128M (6TB, HDWD260)","HDD (PC용)/8.9cm(3.5인치)/6TB/SATA3 (6Gb/s)/5,400RPM/메모리 128MB/185MB/s/기록방식:SMR(PMR)/두께:26.1mm/DSA/저전력/소음(유휴/탐색):24/25dB/A/S 정보:2년/충격 감지센서 / 램프로딩 기술",https://img.danawa.com/prod_img/500000/966/008/img/12008966_1.jpg,https://prod.danawa.com/info/?pcode=12008966
6288821,"도시바 P300 7200/64M (3TB, HDWD130)","HDD (PC용)/8.9cm(3.5인치)/3TB/SATA3 (6Gb/s)/7,200RPM/메모리 64MB/기록방식:CMR(PMR)/두께:26.1mm/DSA/소음(유휴/탐색):27/28dB/A/S 정보:2년/충격 감지센서 / 램프로딩 기술",https://img.danawa.com/prod_img/500000/821/288/img/6288821_1.jpg,https://prod.danawa.com/info/?pcode=6288821
1790810,"도시바 DT01 7200/64M (2TB, DT01ACA200)","HDD (PC용)/8.9cm(3.5인치)/2TB/SATA3(6Gb/s)/7,200RPM/메모리 64MB/기록방식:CMR(PMR)/두께:26.1mm/소음(유휴/탐색):27/28dB/A/S 정보:2년/680g",https://img.danawa.com/prod_img/500000/810/790/img/1790810_1.jpg,https://prod.danawa.com/info/?pcode=1790810
3474055,"Western Digital WD Blue 5400/64M (2TB, WD20EZRZ)","HDD (PC용)/8.9cm(3.5인치)/2TB/SATA3(6Gb/s)/5,400RPM/메모리 64MB/147MB/s/기록방식:CMR(PMR)/두께:26.1mm/소음(유휴/탐색):23/27dB/A/S 정보:2년",https://img.danawa.com/prod_img/500000/055/474/img/3474055_1.jpg,https://prod.danawa.com/info/?pcode=3474055
6295629,"도시바 X300 7200/256M (10TB, HDWR11A)","HDD (PC용)/8.9cm(3.5인치)/10TB/SATA3 (6Gb/s)/7,200RPM/메모리 256MB/기록방식:CMR(PMR)/두께:26.1mm/DSA/사용보증:60만시간/소음(유휴/탐색):34dB/A/S 정보:2년/충격 감지센서 / 램프로딩 기술",https://img.danawa.com/prod_img/500000/629/295/img/6295629_1.jpg,https://prod.danawa.com/info/?pcode=6295629
5931378,"Western Digital WD BLACK 7200/256M (4TB, WD4005FZBX)","HDD (PC용)/8.9cm(3.5인치)/4TB/SATA3 (6Gb/s)/7,200RPM/메모리 256MB/202MB/s/기록방식:CMR(PMR)/두께:26.1mm/소음(유휴/탐색):29/36dB/A/S 정보:5년/백업, 마이그레이션 프로그램 제공 / 720g",https://img.danawa.com/prod_img/500000/378/931/img/5931378_1.jpg,https://prod.danawa.com/info/?pcode=5931378
3492869,"Western Digital WD Blue 5400/64M (3TB, WD30EZRZ)","HDD (PC용)/8.9cm(3.5인치)/3TB/SATA3(6Gb/s)/5,400RPM/메모리 64MB/147MB/s/기록방식:CMR(PMR)/두께:26.1mm/소음(유휴/탐색):23/27dB/A/S 정보:2년",https://img.danawa.com/prod_img/500000/869/492/img/3492869_1.jpg,https://prod.danawa.com/info/?pcode=3492869
2307187,"Western Digital WD BLACK 7200/64M (2TB, WD2003FZEX)","HDD (PC용)/8.9cm(3.5인치)/2TB/SATA3(6Gb/s)/7,200RPM/메모리 64MB/164MB/s/기록방식:CMR(PMR)/두께:26.1mm/소음(유휴/탐색):29/30dB/A/S 정보:5년/600g",https://img.danawa.com/prod_img/500000/187/307/img/2307187_1.jpg,https://prod.danawa.com/info/?pcode=2307187
2307177,"Western Digital WD BLACK 7200/64M (1TB, WD1003FZEX)","HDD (PC용)/8.9cm(3.5인치)/1TB/SATA3(6Gb/s)/7,200RPM/메모리 64MB/150MB/s/기록방식:CMR(PMR)/두께:26.1mm/소음(유휴/탐색):29/30dB/A/S 정보:5년/450g",https://img.danawa.com/prod_img/500000/177/307/img/2307177_1.jpg,https://prod.danawa.com/info/?pcode=2307177
80570033,"Western Digital WD BLACK 7200/512M/해외구매 (10TB, WD102FZBX)","HDD (PC용)/8.9cm(3.5인치)/10TB/SATA3 (6Gb/s)/7,200RPM/메모리 512MB/267MB/s/기록방식:CMR(PMR)/두께:26.1mm/소음(유휴/탐색):34/39dB/해외상품은 브랜드명 등 판매처별 상품 정보 확인 요망",https://img.danawa.com/prod_img/500000/033/570/img/80570033_1.jpg,https://prod.danawa.com/info/?pcode=80570033
3125334,"도시바 DT01 7200/64M/해외구매 (3TB, DT01ACA300)","HDD (PC용)/8.9cm(3.5인치)/3TB/SATA3(6Gb/s)/7,200RPM/메모리 64MB/기록방식:CMR(PMR)/해외상품은 브랜드명 등 판매처별 상품 정보 확인 요망",https://img.danawa.com/prod_img/500000/334/125/img/3125334_1.jpg,https://prod.danawa.com/info/?pcode=3125334
19948346,"Western Digital WD Blue 5400/256M/해외구매 (4TB, WD40EZAX)","HDD (PC용)/8.9cm(3.5인치)/4TB/SATA3(6Gb/s)/5,400RPM/메모리 256MB/180MB/s/기록방식:CMR(PMR)/두께:26.1mm/소음(유휴/탐색):23/25dB/해외상품은 브랜드명 등 판매처별 상품 정보 확인 요망",https://img.danawa.com/prod_img/500000/346/948/img/19948346_1.jpg,https://prod.danawa.com/info/?pcode=19948346
70770143,"도시바 X300 Refresh 7200/512M (8TB, HDWR780)","HDD (PC용)/8.9cm(3.5인치)/8TB/SATA3 (6Gb/s)/7,200RPM/메모리 512MB/268MB/s/기록방식:CMR(PMR)/두께:26.1mm/RV센서/DSA/사용보증:60만시간/소음(유휴/탐색):34/35dB/A/S 정보:2년",https://img.danawa.com/prod_img/500000/143/770/img/70770143_1.jpg,https://prod.danawa.com/info/?pcode=70770143
70770158,"도시바 X300 Refresh 7200/512M (4TB, HDWR740)","HDD (PC용)/8.9cm(3.5인치)/4TB/SATA3 (6Gb/s)/7,200RPM/메모리 512MB/268MB/s/기록방식:CMR(PMR)/두께:26.1mm/RV센서/DSA/사용보증:60만시간/소음(유휴/탐색):34/35dB/A/S 정보:2년",https://img.danawa.com/prod_img/500000/158/770/img/70770158_1.jpg,https://prod.danawa.com/info/?pcode=70770158
5638941,"Seagate BarraCuda 5400/256M/해외구매 (4TB, ST4000DM004)","HDD (PC용)/8.9cm(3.5인치)/4TB/SATA3 (6Gb/s)/5,400RPM/메모리 256MB/기록방식:SMR(PMR)/두께:20mm/해외상품은 브랜드명 등 판매처별 상품 정보 확인 요망",https://img.danawa.com/prod_img/500000/941/638/img/5638941_1.jpg,https://prod.danawa.com/info/?pcode=5638941
70770140,"도시바 X300 Refresh 7200/512M (10TB, HDWR71A)","HDD (PC용)/8.9cm(3.5인치)/10TB/SATA3 (6Gb/s)/7,200RPM/메모리 512MB/268MB/s/기록방식:CMR(PMR)/두께:26.1mm/RV센서/DSA/사용보증:60만시간/소음(유휴/탐색):34/35dB/A/S 정보:2년",https://img.danawa.com/prod_img/500000/140/770/img/70770140_1.jpg,https://prod.danawa.com/info/?pcode=70770140
25936832,"Western Digital WD Blue 5400/256M (3TB, WD30EZAX)","HDD (PC용)/8.9cm(3.5인치)/3TB/SATA3(6Gb/s)/5,400RPM/메모리 256MB/180MB/s/기록방식:CMR(PMR)/두께:26.1mm/소음(유휴/탐색):23/25dB/A/S 정보:2년/NoTouch 램프로드 기술",https://img.danawa.com/prod_img/500000/832/936/img/25936832_1.jpg,https://prod.danawa.com/info/?pcode=25936832
67371317,"Seagate BarraCuda Pro 7200/256M/해외구매 (6TB, ST6000DM004)","HDD (PC용)/8.9cm(3.5인치)/6TB/SATA3 (6Gb/s)/7,200RPM/메모리 256MB/220MB/s/기록방식:CMR(PMR)/두께:26mm/소음(유휴/탐색):24/27dB/해외상품은 브랜드명 등 판매처별 상품 정보 확인 요망",https://img.danawa.com/prod_img/500000/317/371/img/67371317_1.jpg,https://prod.danawa.com/info/?pcode=67371317
15687641,"도시바 X300 Refresh 7200/256M (6TB, HDWR460)","HDD (PC용)/8.9cm(3.5인치)/6TB/SATA3 (6Gb/s)/7,200RPM/메모리 256MB/기록방식:CMR(PMR)/두께:26.1mm/DSA/사용보증:60만시간/소음(유휴/탐색):31dB/A/S 정보:2년",https://img.danawa.com/prod_img/500000/641/687/img/15687641_1.jpg,https://prod.danawa.com/info/?pcode=15687641
6054164,"Western Digital WD BLACK 7200/256M (6TB, WD6003FZBX)","HDD (PC용)/8.9cm(3.5인치)/6TB/SATA3 (6Gb/s)/7,200RPM/메모리 256MB/227MB/s/기록방식:CMR(PMR)/두께:26.1mm/소음(유휴/탐색):29/36dB/A/S 정보:5년",https://img.danawa.com/prod_img/500000/164/054/img/6054164_1.jpg,https://prod.danawa.com/info/?pcode=6054164
7533853,"Seagate BarraCuda 7200/256M/해외구매 (2TB, ST2000DM008)","HDD (PC용)/8.9cm(3.5인치)/2TB/SATA3 (6Gb/s)/7,200RPM/메모리 256MB/220MB/s/기록방식:SMR(PMR)/두께:20.2mm/해외상품은 브랜드명 등 판매처별 상품 정보 확인 요망",https://img.danawa.com/prod_img/500000/853/533/img/7533853_1.jpg,https://prod.danawa.com/info/?pcode=7533853
5639088,"Seagate BarraCuda Pro 7200/256M/해외구매 (10TB, ST10000DM0004)","HDD (PC용)/8.9cm(3.5인치)/10TB/SATA3 (6Gb/s)/7,200RPM/메모리 256MB/기록방식:CMR(PMR)/두께:26.11mm/헬륨충전/해외상품은 브랜드명 등 판매처별 상품 정보 확인 요망",https://img.danawa.com/prod_img/500000/088/639/img/5639088_1.jpg,https://prod.danawa.com/info/?pcode=5639088
9721404,"Seagate BarraCuda 5400/256M/해외구매 (6TB, ST6000DM003)","HDD (PC용)/8.9cm(3.5인치)/6TB/SATA3(6Gb/s)/5,400RPM/메모리 256MB/185MB/s/기록방식:SMR(PMR)/두께:26.11mm/소음(유휴/탐색):23/25dB/해외상품은 브랜드명 등 판매처별 상품 정보 확인 요망",https://img.danawa.com/prod_img/500000/404/721/img/9721404_1.jpg,https://prod.danawa.com/info/?pcode=9721404
13659284,"Western Digital WD Blue 5400/256M/해외구매 (4TB, WD40EZAZ)","HDD (PC용)/8.9cm(3.5인치)/4TB/SATA3(6Gb/s)/5,400RPM/메모리 256MB/180MB/s/기록방식:SMR(PMR)/두께:26.1mm/소음(유휴/탐색):23/27dB/해외상품은 브랜드명 등 판매처별 상품 정보 확인 요망",https://img.danawa.com/prod_img/500000/284/659/img/13659284_1.jpg,https://prod.danawa.com/info/?pcode=13659284
78999002,"Seagate BarraCuda 7200/512M/해외구매 (24TB, ST24000DM001)","HDD (PC용)/8.9cm(3.5인치)/24TB/SATA3 (6Gb/s)/7,200RPM/메모리 512MB/190MB/s/기록방식:CMR(PMR)/두께:26.1mm",https://img.danawa.com/prod_img/500000/002/999/img/78999002_1.jpg,https://prod.danawa.com/info/?pcode=78999002
19948424,"Western Digital WD Blue 5400/256M/해외구매 (6TB, WD60EZAX)","HDD (PC용)/8.9cm(3.5인치)/6TB/SATA3(6Gb/s)/5,400RPM/메모리 256MB/180MB/s/기록방식:CMR(PMR)/두께:26.1mm/소음(유휴/탐색):23/27dB/해외상품은 브랜드명 등 판매처별 상품 정보 확인 요망",https://img.danawa.com/prod_img/500000/424/948/img/19948424_1.jpg,https://prod.danawa.com/info/?pcode=19948424
31477805,"Western Digital WD Blue 5400/64M (2TB, WD20EARZ)","HDD (PC용)/8.9cm(3.5인치)/2TB/SATA3(6Gb/s)/5,400RPM/메모리 64MB/180MB/s/기록방식:CMR(PMR)/두께:26.1mm/소음(유휴/탐색):21/26dB/A/S 정보:2년",https://img.danawa.com/prod_img/500000/805/477/img/31477805_1.jpg,https://prod.danawa.com/info/?pcode=31477805
13225835,"Seagate BarraCuda Pro 7200/256M/해외구매 (8TB, ST8000DM0004)","HDD (PC용)/8.9cm(3.5인치)/8TB/SATA3 (6Gb/s)/7,200RPM/메모리 256MB/220MB/s/기록방식:CMR(PMR)/두께:26mm/소음(유휴/탐색):28/32dB/해외상품은 브랜드명 등 판매처별 상품 정보 확인 요망",https://img.danawa.com/prod_img/500000/835/225/img/13225835_1.jpg,https://prod.danawa.com/info/?pcode=13225835
12834410,"Western Digital WD BLACK 7200/256M (10TB, WD101FZBX)","HDD (PC용)/8.9cm(3.5인치)/10TB/SATA3 (6Gb/s)/7,200RPM/메모리 256MB/263MB/s/기록방식:CMR(PMR)/두께:26.1mm/소음(유휴/탐색):34/38dB/A/S 정보:5년",https://img.danawa.com/prod_img/500000/410/834/img/12834410_1.jpg,https://prod.danawa.com/info/?pcode=12834410
68365535,"Western Digital WD BLACK 7200/256M (4TB, WD4006FZBX)","HDD (PC용)/8.9cm(3.5인치)/4TB/SATA3 (6Gb/s)/7,200RPM/메모리 256MB/267MB/s/기록방식:CMR(PMR)/두께:26.1mm/A/S 정보:5년",https://img.danawa.com/prod_img/500000/535/365/img/68365535_1.jpg,https://prod.danawa.com/info/?pcode=68365535
6452131,"Seagate BarraCuda 5400/256M/해외구매 (3TB, ST3000DM007)","HDD (PC용)/8.9cm(3.5인치)/3TB/SATA3(6Gb/s)/5,400RPM/메모리 256MB/185MB/s/기록방식:SMR(PMR)/두께:20.2mm/소음(유휴/탐색):22/24dB/해외상품은 브랜드명 등 판매처별 상품 정보 확인 요망",https://img.danawa.com/prod_img/500000/131/452/img/6452131_1.jpg,https://prod.danawa.com/info/?pcode=6452131
14733734,"Western Digital WD Blue 7200/256M 해외구매 (2TB, WD20EZBX)","HDD (PC용)/8.9cm(3.5인치)/2TB/SATA3(6Gb/s)/7,200RPM/메모리 256MB/215MB/s/기록방식:SMR(PMR)/두께:26.1mm/소음(유휴/탐색):25/27dB/해외상품은 브랜드명 등 판매처별 상품 정보 확인 요망",https://img.danawa.com/prod_img/500000/734/733/img/14733734_1.jpg,https://prod.danawa.com/info/?pcode=14733734
17003267,"Western Digital WD Blue 5640/128M/해외구매 (8TB, WD80EAZZ)","HDD (PC용)/8.9cm(3.5인치)/8TB/SATA3(6Gb/s)/5,640RPM/메모리 128MB/185MB/s/기록방식:CMR(PMR)/두께:26.1mm/소음(유휴/탐색):25/30dB/해외상품은 브랜드명 등 판매처별 상품 정보 확인 요망",https://img.danawa.com/prod_img/500000/267/003/img/17003267_1.jpg,https://prod.danawa.com/info/?pcode=17003267
14785154,"Western Digital WD Blue 5400/256M/해외구매 (6TB, WD60EZAZ)","HDD (PC용)/8.9cm(3.5인치)/6TB/SATA3(6Gb/s)/5,400RPM/메모리 256MB/180MB/s/기록방식:SMR(PMR)/두께:26.1mm/소음(유휴/탐색):23/27dB/해외상품은 브랜드명 등 판매처별 상품 정보 확인 요망",https://img.danawa.com/prod_img/500000/154/785/img/14785154_1.jpg,https://prod.danawa.com/info/?pcode=14785154
68534528,"Western Digital WD BLACK 7200/256M/해외구매 (8TB, WD8002FZBX)","HDD (PC용)/8.9cm(3.5인치)/8TB/SATA3 (6Gb/s)/7,200RPM/메모리 256MB/267MB/s/기록방식:CMR(PMR)/두께:26.1mm/해외상품은 브랜드명 등 판매처별 상품 정보 확인 요망",https://img.danawa.com/prod_img/500000/528/534/img/68534528_1.jpg,https://prod.danawa.com/info/?pcode=68534528
18406964,"Western Digital WD BLACK 7200/128M (8TB, WD8002FZWX)","HDD (PC용)/8.9cm(3.5인치)/8TB/SATA3 (6Gb/s)/7,200RPM/메모리 128MB/238MB/s/기록방식:CMR(PMR)/두께:26.1mm/소음(유휴/탐색):28/34dB/A/S 정보:5년",https://img.danawa.com/prod_img/500000/964/406/img/18406964_1.jpg,https://prod.danawa.com/info/?pcode=18406964
19948454,"Western Digital WD Blue 5400/256M/해외구매 (3TB, WD30EZAX)","HDD (PC용)/8.9cm(3.5인치)/3TB/SATA3(6Gb/s)/5,400RPM/메모리 256MB/180MB/s/기록방식:CMR(PMR)/두께:26.1mm/소음(유휴/탐색):23/25dB/해외상품은 브랜드명 등 판매처별 상품 정보 확인 요망",https://img.danawa.com/prod_img/500000/454/948/img/19948454_1.jpg,https://prod.danawa.com/info/?pcode=19948454
78999047,"Seagate BarraCuda 7200/512M/해외구매 (20TB, ST20000DM001)","HDD (PC용)/8.9cm(3.5인치)/20TB/SATA3 (6Gb/s)/7,200RPM/메모리 512MB/190MB/s/기록방식:CMR(PMR)/두께:26.1mm",https://img.danawa.com/prod_img/500000/047/999/img/78999047_1.jpg,https://prod.danawa.com/info/?pcode=78999047
2711325,"Seagate BarraCuda 7200/64M/해외구매 (1TB, ST1000DM003)","HDD (PC용)/8.9cm(3.5인치)/1TB/SATA3(6Gb/s)/7,200RPM/메모리 64MB/기록방식:CMR(PMR)/해외상품은 브랜드명 등 판매처별 상품 정보 확인 요망",https://img.danawa.com/prod_img/500000/325/711/img/2711325_1.jpg,https://prod.danawa.com/info/?pcode=2711325
72590651,"Western Digital WD Blue 5400/64M/해외구매 (2TB, WD20EARZ)","HDD (PC용)/8.9cm(3.5인치)/2TB/SATA3(6Gb/s)/5,400RPM/메모리 64MB/180MB/s/기록방식:CMR(PMR)/두께:26.1mm/소음(유휴/탐색):21/26dB/해외상품은 브랜드명 등 판매처별 상품 정보 확인 요망",https://img.danawa.com/prod_img/500000/651/590/img/72590651_1.jpg,https://prod.danawa.com/info/?pcode=72590651
15687695,"도시바 X300 Refresh 7200/256M (4TB, HDWR440)","HDD (PC용)/8.9cm(3.5인치)/4TB/SATA3 (6Gb/s)/7,200RPM/메모리 256MB/기록방식:CMR(PMR)/두께:26.1mm/DSA/사용보증:60만시간/소음(유휴/탐색):31dB/A/S 정보:2년",https://img.danawa.com/prod_img/500000/695/687/img/15687695_1.jpg,https://prod.danawa.com/info/?pcode=15687695
14785265,"Western Digital WD Blue 5400/256M/해외구매 (2TB, WD20EZAZ)","HDD (PC용)/8.9cm(3.5인치)/2TB/SATA3(6Gb/s)/5,400RPM/메모리 256MB/170MB/s/기록방식:SMR(PMR)/두께:26.1mm/소음(유휴/탐색):21/26dB/해외상품은 브랜드명 등 판매처별 상품 정보 확인 요망",https://img.danawa.com/prod_img/500000/265/785/img/14785265_1.jpg,https://prod.danawa.com/info/?pcode=14785265
14785235,"Western Digital WD Blue 5400/256M/해외구매 (3TB, WD30EZAZ)","HDD (PC용)/8.9cm(3.5인치)/3TB/SATA3(6Gb/s)/5,400RPM/메모리 256MB/180MB/s/기록방식:SMR(PMR)/두께:26.1mm/소음(유휴/탐색):23/27dB/해외상품은 브랜드명 등 판매처별 상품 정보 확인 요망",https://img.danawa.com/prod_img/500000/235/785/img/14785235_1.jpg,https://prod.danawa.com/info/?pcode=14785235
2703466,"Western Digital WD Caviar Blue 7200/64M/해외구매 (1TB, WD10EZEX)","HDD (PC용)/8.9cm(3.5인치)/1TB/SATA3(6Gb/s)/7,200RPM/메모리 64MB/기록방식:CMR(PMR)/해외상품은 브랜드명 등 판매처별 상품 정보 확인 요망",https://img.danawa.com/prod_img/500000/466/703/img/2703466_1.jpg,https://prod.danawa.com/info/?pcode=2703466
9721698,"Seagate BarraCuda 5400/256M/해외구매 (2TB, ST2000DM005)","HDD (PC용)/8.9cm(3.5인치)/2TB/SATA3 (6Gb/s)/5,400RPM/메모리 256MB/190MB/s/기록방식:SMR(PMR)/두께:20mm/해외상품은 브랜드명 등 판매처별 상품 정보 확인 요망",https://img.danawa.com/prod_img/500000/698/721/img/9721698_1.jpg,https://prod.danawa.com/info/?pcode=9721698
15270644,"Western Digital WD Blue 5400/64M/해외구매 (500GB, WD5000AZRZ)","HDD (PC용)/8.9cm(3.5인치)/500GB/SATA3(6Gb/s)/5,400RPM/메모리 64MB/150MB/s/기록방식:CMR(PMR)/두께:26.1mm/소음(유휴/탐색):21/22dB/해외상품은 브랜드명 등 판매처별 상품 정보 확인 요망",https://img.danawa.com/prod_img/500000/644/270/img/15270644_1.jpg,https://prod.danawa.com/info/?pcode=15270644
12685619,"Western Digital WD BLACK 7200/256M (8TB, WD8001FZBX)","HDD (PC용)/8.9cm(3.5인치)/8TB/SATA3 (6Gb/s)/7,200RPM/메모리 256MB/263MB/s/기록방식:CMR(PMR)/두께:26.1mm/소음(유휴/탐색):29/36dB/A/S 정보:5년",https://img.danawa.com/prod_img/500000/619/685/img/12685619_1.jpg,https://prod.danawa.com/info/?pcode=12685619
32889653,"Seagate FireCuda 7200/256M/해외구매 (8TB, ST8000DX001)","HDD (PC용)/8.9cm(3.5인치)/8TB/SATA3 (6Gb/s)/7,200RPM/메모리 256MB/260MB/s/기록방식:CMR(PMR)/두께:26.1mm/소음(유휴/탐색):28/32dB/해외상품은 브랜드명 등 판매처별 상품 정보 확인 요망",https://img.danawa.com/prod_img/500000/653/889/img/32889653_1.jpg,https://prod.danawa.com/info/?pcode=32889653
80151281,"Seagate BarraCuda 7200/512M/해외구매 (16TB, ST16000DM001)","HDD (PC용)/8.9cm(3.5인치)/16TB/SATA3 (6Gb/s)/7,200RPM/메모리 512MB/190MB/s/기록방식:CMR(PMR)/두께:26.1mm",https://img.danawa.com/prod_img/500000/281/151/img/80151281_1.jpg,https://prod.danawa.com/info/?pcode=80151281
14852426,"Western Digital WD BLACK 7200/256M/해외구매 (10TB, WD101FZBX)","HDD (PC용)/8.9cm(3.5인치)/10TB/SATA3 (6Gb/s)/7,200RPM/메모리 256MB/263MB/s/기록방식:CMR(PMR)/두께:26.1mm/소음(유휴/탐색):34/38dB/해외상품은 브랜드명 등 판매처별 상품 정보 확인 요망",https://img.danawa.com/prod_img/500000/426/852/img/14852426_1.jpg,https://prod.danawa.com/info/?pcode=14852426
68365541,"Western Digital WD BLACK 7200/256M/해외구매 (4TB, WD4006FZBX)","HDD (PC용)/8.9cm(3.5인치)/4TB/SATA3 (6Gb/s)/7,200RPM/메모리 256MB/267MB/s/기록방식:CMR(PMR)/두께:26.1mm/해외상품은 브랜드명 등 판매처별 상품 정보 확인 요망",https://img.danawa.com/prod_img/500000/541/365/img/68365541_1.jpg,https://prod.danawa.com/info/?pcode=68365541
75536996,"Western Digital WD Blue 5400/64M/해외구매 (1TB, WD10EARZ)","HDD (PC용)/8.9cm(3.5인치)/1TB/SATA3(6Gb/s)/5,400RPM/메모리 64MB/180MB/s/기록방식:CMR(PMR)/두께:26.1mm/소음(유휴/탐색):21/26dB/해외상품은 브랜드명 등 판매처별 상품 정보 확인 요망",https://img.danawa.com/prod_img/500000/996/536/img/75536996_1.jpg,https://prod.danawa.com/info/?pcode=75536996
14860733,"Western Digital WD BLACK 7200/256M/해외구매 (4TB, WD4005FZBX)","HDD (PC용)/8.9cm(3.5인치)/4TB/SATA3 (6Gb/s)/7,200RPM/메모리 256MB/202MB/s/기록방식:CMR(PMR)/두께:26.1mm/소음(유휴/탐색):29/36dB/해외상품은 브랜드명 등 판매처별 상품 정보 확인 요망",https://img.danawa.com/prod_img/500000/733/860/img/14860733_1.jpg,https://prod.danawa.com/info/?pcode=14860733
70770203,"도시바 X300 Refresh 7200/512M/해외구매 (4TB, HDWR740)","HDD (PC용)/8.9cm(3.5인치)/4TB/SATA3 (6Gb/s)/7,200RPM/메모리 512MB/268MB/s/기록방식:CMR(PMR)/두께:26.1mm/RV센서/DSA/사용보증:60만시간/소음(유휴/탐색):34/35dB/해외상품은 브랜드명 등 판매처별 상품 정보 확인 요망",https://img.danawa.com/prod_img/500000/203/770/img/70770203_1.jpg,https://prod.danawa.com/info/?pcode=70770203
18542177,"Western Digital WD BLACK 7200/128M/해외구매 (8TB, WD8002FZWX)","HDD (PC용)/8.9cm(3.5인치)/8TB/SATA3 (6Gb/s)/7,200RPM/메모리 128MB/238MB/s/기록방식:CMR(PMR)/두께:26.1mm/소음(유휴/탐색):28/34dB/해외상품은 브랜드명 등 판매처별 상품 정보 확인 요망",https://img.danawa.com/prod_img/500000/177/542/img/18542177_1.jpg,https://prod.danawa.com/info/?pcode=18542177
15271301,"Western Digital WD Blue 5400/64M/해외구매 (1TB, WD10EZRZ)","HDD (PC용)/8.9cm(3.5인치)/1TB/SATA3(6Gb/s)/5,400RPM/메모리 64MB/150MB/s/기록방식:CMR(PMR)/두께:26.1mm/소음(유휴/탐색):21/24dB/해외상품은 브랜드명 등 판매처별 상품 정보 확인 요망",https://img.danawa.com/prod_img/500000/301/271/img/15271301_1.jpg,https://prod.danawa.com/info/?pcode=15271301
70770194,"도시바 X300 Refresh 7200/512M/해외구매 (6TB, HDWR760)","HDD (PC용)/8.9cm(3.5인치)/6TB/SATA3 (6Gb/s)/7,200RPM/메모리 512MB/268MB/s/기록방식:CMR(PMR)/두께:26.1mm/RV센서/DSA/사용보증:60만시간/소음(유휴/탐색):34/35dB/해외상품은 브랜드명 등 판매처별 상품 정보 확인 요망",https://img.danawa.com/prod_img/500000/194/770/img/70770194_1.jpg,https://prod.danawa.com/info/?pcode=70770194
34817159,"도시바 X300 Pro 7200/256M/해외구매 (4TB, HDWR440)","HDD (PC용)/8.9cm(3.5인치)/4TB/SATA3 (6Gb/s)/7,200RPM/메모리 256MB/기록방식:CMR(PMR)/두께:26.1mm/사용보증:100만시간/해외상품은 브랜드명 등 판매처별 상품 정보 확인 요망",https://img.danawa.com/prod_img/500000/159/817/img/34817159_1.jpg,https://prod.danawa.com/info/?pcode=34817159
75536957,"Western Digital WD BLACK 7200/128M/해외구매 (6TB, WD6004FZWX)","HDD (PC용)/8.9cm(3.5인치)/6TB/SATA3 (6Gb/s)/7,200RPM/메모리 128MB/229MB/s/기록방식:CMR(PMR)/두께:26.1mm/소음(유휴/탐색):29/36dB/해외상품은 브랜드명 등 판매처별 상품 정보 확인 요망",https://img.danawa.com/prod_img/500000/957/536/img/75536957_1.jpg,https://prod.danawa.com/info/?pcode=75536957
79114532,"도시바 X300 Refresh 7200/512M/해외구매 (8TB, HDWR780)","HDD (PC용)/8.9cm(3.5인치)/8TB/SATA3 (6Gb/s)/7,200RPM/메모리 512MB/268MB/s/기록방식:CMR(PMR)/두께:26.1mm/RV센서/DSA/사용보증:60만시간/소음(유휴/탐색):34/35dB",https://img.danawa.com/prod_img/500000/532/114/img/79114532_1.jpg,https://prod.danawa.com/info/?pcode=79114532
14852477,"Western Digital WD BLACK 7200/256M/해외구매 (6TB, WD6003FZBX)","HDD (PC용)/8.9cm(3.5인치)/6TB/SATA3 (6Gb/s)/7,200RPM/메모리 256MB/227MB/s/기록방식:CMR(PMR)/두께:26.1mm/소음(유휴/탐색):29/36dB/해외상품은 브랜드명 등 판매처별 상품 정보 확인 요망",https://img.danawa.com/prod_img/500000/477/852/img/14852477_1.jpg,https://prod.danawa.com/info/?pcode=14852477
5271955,"Western Digital WD Blue 7200/32M/해외구매 (500GB, WD5000AZLX)","HDD (PC용)/8.9cm(3.5인치)/500GB/SATA3(6Gb/s)/7,200RPM/메모리 32MB/기록방식:CMR(PMR)/두께:26.1mm/해외상품은 브랜드명 등 판매처별 상품 정보 확인 요망",https://img.danawa.com/prod_img/500000/955/271/img/5271955_1.jpg,https://prod.danawa.com/info/?pcode=5271955
14852447,"Western Digital WD BLACK 7200/256M/해외구매 (8TB, WD8001FZBX)","HDD (PC용)/8.9cm(3.5인치)/8TB/SATA3 (6Gb/s)/7,200RPM/메모리 256MB/263MB/s/기록방식:CMR(PMR)/두께:26.1mm/소음(유휴/탐색):29/36dB/해외상품은 브랜드명 등 판매처별 상품 정보 확인 요망",https://img.danawa.com/prod_img/500000/447/852/img/14852447_1.jpg,https://prod.danawa.com/info/?pcode=14852447
18772316,"Seagate BarraCuda 7200/64M/병행수입 (2TB, ST2000DM001)","HDD (PC용)/8.9cm(3.5인치)/2TB/SATA3(6Gb/s)/7,200RPM/메모리 64MB/기록방식:SMR(PMR)/두께:26.1mm",https://img.danawa.com/prod_img/500000/316/772/img/18772316_1.jpg,https://prod.danawa.com/info/?pcode=18772316
70770185,"도시바 X300 Refresh 7200/512M/해외구매 (10TB, HDWR71A)","HDD (PC용)/8.9cm(3.5인치)/10TB/SATA3 (6Gb/s)/7,200RPM/메모리 512MB/268MB/s/기록방식:CMR(PMR)/두께:26.1mm/RV센서/DSA/사용보증:60만시간/소음(유휴/탐색):34/35dB/해외상품은 브랜드명 등 판매처별 상품 정보 확인 요망",https://img.danawa.com/prod_img/500000/185/770/img/70770185_1.jpg,https://prod.danawa.com/info/?pcode=70770185
30142289,"Seagate FireCuda 7200/256M/해외구매 (4TB, ST4000DX005)","HDD (PC용)/8.9cm(3.5인치)/4TB/SATA3 (6Gb/s)/7,200RPM/메모리 256MB/256MB/s/기록방식:CMR(PMR)/두께:26.1mm/소음(유휴/탐색):28/32dB/해외상품은 브랜드명 등 판매처별 상품 정보 확인 요망",https://img.danawa.com/prod_img/500000/289/142/img/30142289_1.jpg,https://prod.danawa.com/info/?pcode=30142289
67371185,"Seagate BarraCuda 7200/256M/해외구매 (1TB, ST1000DM014)","HDD (PC용)/8.9cm(3.5인치)/1TB/SATA3 (6Gb/s)/7,200RPM/메모리 256MB/220MB/s/기록방식:SMR(PMR)/두께:20.2mm/해외상품은 브랜드명 등 판매처별 상품 정보 확인 요망",https://img.danawa.com/prod_img/500000/185/371/img/67371185_1.jpg,https://prod.danawa.com/info/?pcode=67371185
76073489,"도시바 X300 Pro 7200/512M/해외구매 (22TB, HDWR62C)","HDD (PC용)/8.9cm(3.5인치)/22TB/SATA3 (6Gb/s)/7,200RPM/메모리 512MB/기록방식:CMR(PMR)/두께:26.1mm/사용보증:100만시간/해외상품은 브랜드명 등 판매처별 상품 정보 확인 요망",https://img.danawa.com/prod_img/500000/489/073/img/76073489_1.jpg,https://prod.danawa.com/info/?pcode=76073489
14962418,"도시바 X300 7200/256M/해외구매 (8TB, HDWR180)","HDD (PC용)/8.9cm(3.5인치)/8TB/SATA3 (6Gb/s)/7,200RPM/메모리 256MB/기록방식:CMR(PMR)/두께:26.1mm/DSA/사용보증:60만시간/소음(유휴/탐색):33dB/해외상품은 브랜드명 등 판매처별 상품 정보 확인 요망",https://img.danawa.com/prod_img/500000/418/962/img/14962418_1.jpg,https://prod.danawa.com/info/?pcode=14962418
14962541,"도시바 P300 5400/128M/해외구매 (4TB, HDWD240)","HDD (PC용)/8.9cm(3.5인치)/4TB/SATA3 (6Gb/s)/5,400RPM/메모리 128MB/185MB/s/기록방식:SMR(PMR)/두께:26.1mm/DSA/저전력/소음(유휴/탐색):22/24dB/해외상품은 브랜드명 등 판매처별 상품 정보 확인 요망",https://img.danawa.com/prod_img/500000/541/962/img/14962541_1.jpg,https://prod.danawa.com/info/?pcode=14962541
20188826,"도시바 X300 Refresh 7200/256M/해외구매 (8TB, HDWR480)","HDD (PC용)/8.9cm(3.5인치)/8TB/SATA3 (6Gb/s)/7,200RPM/메모리 256MB/기록방식:CMR(PMR)/두께:26.1mm/DSA/사용보증:60만시간/소음(유휴/탐색):31dB/해외상품은 브랜드명 등 판매처별 상품 정보 확인 요망",https://img.danawa.com/prod_img/500000/826/188/img/20188826_1.jpg,https://prod.danawa.com/info/?pcode=20188826
2943760,"Western Digital WD BLACK 7200/64M/해외구매 (WD1003FZEX, 1TB)","HDD (PC용)/8.9cm(3.5인치)/1TB/SATA3(6Gb/s)/7,200RPM/메모리 64MB/기록방식:CMR(PMR)/680g",https://img.danawa.com/prod_img/500000/760/943/img/2943760_1.jpg,https://prod.danawa.com/info/?pcode=2943760
72592646,"도시바 X300 Refresh 7200/512M/해외구매 (14TB, HDWR51E)","HDD (PC용)/8.9cm(3.5인치)/14TB/SATA3 (6Gb/s)/7,200RPM/메모리 512MB/기록방식:CMR(PMR)/두께:26.1mm/사용보증:60만시간/소음(유휴/탐색):34/35dB/해외상품은 브랜드명 등 판매처별 상품 정보 확인 요망",https://img.danawa.com/prod_img/500000/646/592/img/72592646_1.jpg,https://prod.danawa.com/info/?pcode=72592646
5487404,"도시바 X300 7200/128M/해외구매 (6TB, HDWE160)","HDD (PC용)/8.9cm(3.5인치)/6TB/SATA3 (6Gb/s)/7,200RPM/메모리 128MB/기록방식:CMR(PMR)/두께:26.1mm/DSA/해외상품은 브랜드명 등 판매처별 상품 정보 확인 요망",https://img.danawa.com/prod_img/500000/404/487/img/5487404_1.jpg,https://prod.danawa.com/info/?pcode=5487404
